EMPID,EMPNAME,EMAIL,JOBLOC
201,Alex1,Alex@infy.com,Mysore
202,Jack1,Jack@infy.com,Pune
203,Ram1,Ram@infy.com,Bangalore
204,Mike,Mike@infy.com,Bangalore
205,Raj,Raj@infy.com,Chennai
206,Ria,Ria@infy.com,Pune
207,Reni,Reni@infy.com,Delhi
208,James,James@infy.com,Chennai
209,Siva,Siva@infy.com,Chennai
210,Ritu,Ritu@infy.com,Mumbai
211,Smita,Smita@infy.com,Bangalore
212,Rekha,Rekha@infy.com,Pune
213,Anu,Anu@infy.com,Mysore
214,Raji,Raji@infy.com,Mysore
215,Suresh,Suresh@infy.com,Chennai
